品目,産地,年,月,数量_kg,金額_円
あじ,合計,2024,1,1393,2290758
あじ,合計,2024,2,1306,2231824
あじ,合計,2024,3,1591,2640619
あじ,合計,2024,4,2390,3569965
あじ,合計,2024,5,2011,3111582
あじ,合計,2024,6,2071,3102892
あじ,合計,2024,7,1448,2434519
あじ,合計,2024,8,1680,2585584
あじ,合計,2024,9,1229,1888738
あじ,合計,2024,10,1400,2518541
あじ,合計,2024,11,1231,2145482
あじ,合計,2024,12,1034,2139635
あじ,広島,2024,1,765,867921
あじ,広島,2024,2,677,790899
あじ,広島,2024,3,898,1041484
あじ,広島,2024,4,1561,1773090
あじ,広島,2024,5,1204,1368520
あじ,広島,2024,6,1282,1402165
あじ,広島,2024,7,731,834172
あじ,広島,2024,8,1001,953972
あじ,広島,2024,9,677,546057
あじ,広島,2024,10,733,926755
あじ,広島,2024,11,634,598452
あじ,広島,2024,12,583,949686
あじ,愛媛,2024,1,627,1422837
あじ,愛媛,2024,2,629,1440925
あじ,愛媛,2024,3,692,1599135
あじ,愛媛,2024,4,829,1796875
あじ,愛媛,2024,5,806,1743062
あじ,愛媛,2024,6,789,1700727
あじ,愛媛,2024,7,716,1600347
あじ,愛媛,2024,8,679,1631612
あじ,愛媛,2024,9,552,1342681
あじ,愛媛,2024,10,668,1591786
あじ,愛媛,2024,11,597,1547030
あじ,愛媛,2024,12,451,1189949
さば,合計,2024,1,485,398142
さば,合計,2024,2,521,423842
さば,合計,2024,3,586,479873
さば,合計,2024,4,489,434464
さば,合計,2024,5,265,243193
さば,合計,2024,6,213,178419
さば,合計,2024,7,169,147047
さば,合計,2024,8,204,188059
さば,合計,2024,9,291,301427
さば,合計,2024,10,334,369644
さば,合計,2024,11,424,484200
さば,合計,2024,12,377,367814
さば,広島,2024,1,485,398142
さば,広島,2024,2,521,423842
さば,広島,2024,3,586,479873
さば,広島,2024,4,461,418534
さば,広島,2024,5,265,243193
さば,広島,2024,6,213,178419
さば,広島,2024,7,169,147047
さば,広島,2024,8,204,188059
さば,広島,2024,9,291,301427
さば,広島,2024,10,334,369644
さば,広島,2024,11,424,484200
さば,広島,2024,12,377,367814
さば,愛媛,2024,4,28,15930
いわし,合計,2024,1,254,243216
いわし,合計,2024,2,439,387936
いわし,合計,2024,3,323,214272
いわし,合計,2024,4,309,208224
いわし,合計,2024,5,200,145800
いわし,合計,2024,6,198,137268
いわし,合計,2024,7,132,93960
いわし,合計,2024,8,135,84888
いわし,合計,2024,9,216,150984
いわし,合計,2024,10,86,54648
いわし,合計,2024,11,123,106704
いわし,合計,2024,12,244,222696
いわし,広島,2024,1,254,243216
いわし,広島,2024,2,439,387936
いわし,広島,2024,3,323,214272
いわし,広島,2024,4,309,208224
いわし,広島,2024,5,200,145800
いわし,広島,2024,6,198,137268
いわし,広島,2024,7,132,93960
いわし,広島,2024,8,135,84888
いわし,広島,2024,9,216,150984
いわし,広島,2024,10,86,54648
いわし,広島,2024,11,123,106704
いわし,広島,2024,12,244,222696
こいわし,合計,2024,2,161,107568
こいわし,合計,2024,3,424,259922
こいわし,合計,2024,4,50,39312
こいわし,合計,2024,5,30,24624
こいわし,合計,2024,6,5152,4556419
こいわし,合計,2024,7,4203,3735676
こいわし,合計,2024,8,234,188892
こいわし,合計,2024,9,224,169007
こいわし,合計,2024,10,139,104976
こいわし,合計,2024,11,93,70308
こいわし,合計,2024,12,2,3888
こいわし,広島,2024,2,161,107568
こいわし,広島,2024,3,424,259922
こいわし,広島,2024,4,50,39312
こいわし,広島,2024,5,30,24624
こいわし,広島,2024,6,5152,4556419
こいわし,広島,2024,7,4203,3735676
こいわし,広島,2024,8,234,188892
こいわし,広島,2024,9,224,169007
こいわし,広島,2024,10,139,104976
こいわし,広島,2024,11,93,70308
こいわし,広島,2024,12,2,3888
さより,合計,2024,1,135,223894
さより,合計,2024,2,168,312323
さより,合計,2024,3,129,313891
さより,合計,2024,4,176,378897
さより,合計,2024,8,9,21523
さより,合計,2024,9,24,50231
さより,合計,2024,10,60,119646
さより,合計,2024,11,124,197141
さより,合計,2024,12,161,180127
さより,広島,2024,1,135,223894
さより,広島,2024,2,168,312323
さより,広島,2024,3,129,313891
さより,広島,2024,4,176,378897
さより,広島,2024,8,9,21523
さより,広島,2024,9,24,50231
さより,広島,2024,10,60,119646
さより,広島,2024,11,124,197141
さより,広島,2024,12,161,180127
このしろ,合計,2024,1,103,65672
このしろ,合計,2024,2,543,463867
このしろ,合計,2024,3,426,363463
このしろ,合計,2024,4,605,375294
このしろ,合計,2024,5,456,230899
このしろ,合計,2024,6,42,19102
このしろ,合計,2024,7,122,70345
このしろ,合計,2024,8,172,100682
このしろ,合計,2024,9,342,217492
このしろ,合計,2024,10,410,249537
このしろ,合計,2024,11,518,352158
このしろ,合計,2024,12,1555,1047107
このしろ,広島,2024,1,103,65672
このしろ,広島,2024,2,543,463867
このしろ,広島,2024,3,426,363463
このしろ,広島,2024,4,605,375294
このしろ,広島,2024,5,456,230899
このしろ,広島,2024,6,42,19102
このしろ,広島,2024,7,122,70345
このしろ,広島,2024,8,172,100682
このしろ,広島,2024,9,342,217492
このしろ,広島,2024,10,410,249537
このしろ,広島,2024,11,518,352158
このしろ,広島,2024,12,1555,1047107
さわら,合計,2024,1,36,70050
さわら,合計,2024,2,113,257377
さわら,合計,2024,3,129,313394
さわら,合計,2024,4,195,361977
さわら,合計,2024,5,4866,4793930
さわら,合計,2024,6,1340,1224113
さわら,合計,2024,7,43,60836
さわら,合計,2024,8,30,44982
さわら,合計,2024,9,244,374786
さわら,合計,2024,10,249,385167
さわら,合計,2024,11,834,1294899
さわら,合計,2024,12,511,1007094
さわら,広島,2024,1,36,70050
さわら,広島,2024,2,113,257377
さわら,広島,2024,3,129,313394
さわら,広島,2024,4,195,361977
さわら,広島,2024,5,4866,4793930
さわら,広島,2024,6,1340,1224113
さわら,広島,2024,7,43,60836
さわら,広島,2024,8,30,44982
さわら,広島,2024,9,193,305577
さわら,広島,2024,10,249,385167
さわら,広島,2024,11,823,1281248
さわら,広島,2024,12,364,805195
さわら,山口,2024,11,12,13651
さわら,愛媛,2024,9,52,69209
さわら,愛媛,2024,12,147,201899
ヤズ,合計,2024,1,144,92880
ヤズ,合計,2024,2,142,87859
ヤズ,合計,2024,3,92,59940
ヤズ,合計,2024,4,28,18576
ヤズ,合計,2024,5,34,21276
ヤズ,合計,2024,6,45,29376
ヤズ,合計,2024,10,178,97395
ヤズ,合計,2024,11,161,88756
ヤズ,合計,2024,12,30,17301
ヤズ,広島,2024,1,144,92880
ヤズ,広島,2024,2,131,81616
ヤズ,広島,2024,3,92,59940
ヤズ,広島,2024,4,28,18576
ヤズ,広島,2024,5,34,21276
ヤズ,広島,2024,6,45,29376
ヤズ,広島,2024,10,148,80989
ヤズ,広島,2024,11,159,88043
ヤズ,広島,2024,12,30,17301
ヤズ,山口,2024,11,2,713
ヤズ,愛媛,2024,2,11,6243
ヤズ,愛媛,2024,10,30,16406
はまち,合計,2024,1,3509,5914170
はまち,合計,2024,2,2895,5069994
はまち,合計,2024,3,3516,6222411
はまち,合計,2024,4,3449,6007453
はまち,合計,2024,5,3216,5946750
はまち,合計,2024,6,2908,5498871
はまち,合計,2024,7,2624,5042445
はまち,合計,2024,8,2935,5688299
はまち,合計,2024,9,2710,5167546
はまち,合計,2024,10,3636,6511925
はまち,合計,2024,11,3869,6523066
はまち,合計,2024,12,4228,7205247
はまち,広島,2024,1,952,793604
はまち,広島,2024,2,583,426241
はまち,広島,2024,3,953,953503
はまち,広島,2024,4,925,752595
はまち,広島,2024,5,739,770023
はまち,広島,2024,6,553,576114
はまち,広島,2024,7,493,497242
はまち,広島,2024,8,668,857586
はまち,広島,2024,9,587,687361
はまち,広島,2024,10,1094,974128
はまち,広島,2024,11,1372,1051684
はまち,広島,2024,12,1356,990169
はまち,愛媛,2024,1,2558,5120566
はまち,愛媛,2024,2,2312,4643753
はまち,愛媛,2024,3,2563,5268908
はまち,愛媛,2024,4,2524,5254858
はまち,愛媛,2024,5,2478,5176727
はまち,愛媛,2024,6,2355,4922757
はまち,愛媛,2024,7,2130,4545203
はまち,愛媛,2024,8,2267,4830713
はまち,愛媛,2024,9,2124,4480185
はまち,愛媛,2024,10,2542,5537797
はまち,愛媛,2024,11,2497,5471382
はまち,愛媛,2024,12,2873,6215078
ぶり,合計,2024,1,1111,1559954
ぶり,合計,2024,2,708,1372614
ぶり,合計,2024,3,760,1342003
ぶり,合計,2024,4,481,1025235
ぶり,合計,2024,5,354,806998
ぶり,合計,2024,6,378,877466
ぶり,合計,2024,7,343,694657
ぶり,合計,2024,8,357,741116
ぶり,合計,2024,9,307,657584
ぶり,合計,2024,10,346,798806
ぶり,合計,2024,11,448,968717
ぶり,合計,2024,12,3663,7868578
ぶり,東京,2024,1,237,658661
ぶり,東京,2024,2,258,716953
ぶり,東京,2024,3,219,606199
ぶり,東京,2024,4,216,598103
ぶり,東京,2024,5,215,592158
ぶり,東京,2024,6,225,620999
ぶり,東京,2024,7,162,452143
ぶり,東京,2024,8,129,362028
ぶり,東京,2024,9,130,364787
ぶり,東京,2024,10,192,538607
ぶり,東京,2024,11,218,611418
ぶり,東京,2024,12,693,1931116
ぶり,広島,2024,1,874,901293
ぶり,広島,2024,2,450,655661
ぶり,広島,2024,3,541,735804
ぶり,広島,2024,4,265,427132
ぶり,広島,2024,5,139,214840
ぶり,広島,2024,6,153,256467
ぶり,広島,2024,7,181,242514
ぶり,広島,2024,8,228,379088
ぶり,広島,2024,9,177,292797
ぶり,広島,2024,10,153,260199
ぶり,広島,2024,11,229,357299
ぶり,広島,2024,12,2969,5937462
まなかつお,合計,2024,1,510,1540864
まなかつお,合計,2024,2,438,1166049
まなかつお,合計,2024,3,446,1608451
まなかつお,合計,2024,4,47,133513
まなかつお,合計,2024,5,2,1901
まなかつお,合計,2024,6,58,167119
まなかつお,合計,2024,7,144,461803
まなかつお,合計,2024,8,94,266902
まなかつお,合計,2024,9,323,785657
まなかつお,合計,2024,10,535,964071
まなかつお,合計,2024,11,217,349223
まなかつお,合計,2024,12,176,448224
まなかつお,広島,2024,1,510,1540864
まなかつお,広島,2024,2,438,1166049
まなかつお,広島,2024,3,446,1608451
まなかつお,広島,2024,4,47,133513
まなかつお,広島,2024,5,2,1901
まなかつお,広島,2024,6,58,167119
まなかつお,広島,2024,7,144,461803
まなかつお,広島,2024,8,94,266902
まなかつお,広島,2024,9,323,785657
まなかつお,広島,2024,10,535,964071
まなかつお,広島,2024,11,217,349223
まなかつお,広島,2024,12,176,448224
かつお,合計,2024,1,177,215428
かつお,合計,2024,2,152,165442
かつお,合計,2024,3,296,263852
かつお,合計,2024,4,133,109443
かつお,合計,2024,5,310,256896
かつお,合計,2024,6,302,237733
かつお,合計,2024,7,384,310585
かつお,合計,2024,8,366,310693
かつお,合計,2024,9,332,271239
かつお,合計,2024,10,269,271478
かつお,合計,2024,11,223,222968
かつお,合計,2024,12,200,201623
かつお,広島,2024,1,177,215428
かつお,広島,2024,2,152,165442
かつお,広島,2024,3,296,263852
かつお,広島,2024,4,133,109443
かつお,広島,2024,5,310,256896
かつお,広島,2024,6,302,237733
かつお,広島,2024,7,384,310585
かつお,広島,2024,8,366,310693
かつお,広島,2024,9,332,271239
かつお,広島,2024,10,269,271478
かつお,広島,2024,11,223,222968
かつお,広島,2024,12,200,201623
かじき,合計,2024,1,45,117180
かじき,合計,2024,2,65,172260
かじき,合計,2024,3,95,250020
かじき,合計,2024,4,116,338850
かじき,合計,2024,5,80,200070
かじき,合計,2024,6,65,163080
かじき,合計,2024,7,70,183600
かじき,合計,2024,8,74,202392
かじき,合計,2024,9,95,258660
かじき,合計,2024,10,121,363096
かじき,合計,2024,11,87,280432
かじき,合計,2024,12,100,278197
かじき,広島,2024,1,45,117180
かじき,広島,2024,2,10,27000
かじき,広島,2024,4,21,86670
かじき,広島,2024,8,4,19872
かじき,広島,2024,10,31,123336
かじき,広島,2024,11,37,147052
かじき,広島,2024,12,5,23857
かじき,福岡,2024,2,55,145260
かじき,福岡,2024,3,95,250020
かじき,福岡,2024,4,95,252180
かじき,福岡,2024,5,80,200070
かじき,福岡,2024,6,65,163080
かじき,福岡,2024,7,70,183600
かじき,福岡,2024,8,70,182520
かじき,福岡,2024,9,95,258660
かじき,福岡,2024,10,90,239760
かじき,福岡,2024,11,50,133380
かじき,福岡,2024,12,95,254340
まぐろ,合計,2024,1,73,438187
まぐろ,合計,2024,2,178,591415
まぐろ,合計,2024,3,241,1159068
まぐろ,合計,2024,4,198,963857
まぐろ,合計,2024,5,148,878670
まぐろ,合計,2024,6,133,759272
まぐろ,合計,2024,7,125,916018
まぐろ,合計,2024,8,102,687033
まぐろ,合計,2024,9,119,826363
まぐろ,合計,2024,10,143,871171
まぐろ,合計,2024,11,128,817008
まぐろ,合計,2024,12,287,1492499
まぐろ,広島,2024,1,73,438187
まぐろ,広島,2024,2,178,591415
まぐろ,広島,2024,3,241,1159068
まぐろ,広島,2024,4,198,963857
まぐろ,広島,2024,5,145,862470
まぐろ,広島,2024,6,133,759272
まぐろ,広島,2024,7,125,916018
まぐろ,広島,2024,8,102,687033
まぐろ,広島,2024,9,119,826363
まぐろ,広島,2024,10,143,871171
まぐろ,広島,2024,11,128,817008
まぐろ,広島,2024,12,287,1492499
まぐろ,福岡,2024,5,3,16200
いさき,合計,2024,1,199,292996
いさき,合計,2024,2,254,340637
いさき,合計,2024,3,158,223890
いさき,合計,2024,4,499,711901
いさき,合計,2024,5,455,633745
いさき,合計,2024,6,720,1010269
いさき,合計,2024,7,579,803139
いさき,合計,2024,8,38,32340
いさき,合計,2024,9,38,28049
いさき,合計,2024,10,209,319919
いさき,合計,2024,11,45,27464
いさき,合計,2024,12,64,53832
いさき,広島,2024,1,99,157961
いさき,広島,2024,2,133,186991
いさき,広島,2024,3,101,140433
いさき,広島,2024,4,264,395482
いさき,広島,2024,5,244,358765
いさき,広島,2024,6,382,567876
いさき,広島,2024,7,330,465115
いさき,広島,2024,8,38,32340
いさき,広島,2024,9,38,28049
いさき,広島,2024,10,116,183343
いさき,広島,2024,11,45,27464
いさき,広島,2024,12,64,53832
いさき,愛媛,2024,1,100,135035
いさき,愛媛,2024,2,121,153646
いさき,愛媛,2024,3,57,83457
いさき,愛媛,2024,4,235,316419
いさき,愛媛,2024,5,210,274980
いさき,愛媛,2024,6,338,442393
いさき,愛媛,2024,7,249,338024
いさき,愛媛,2024,10,93,136576
たちうお,合計,2024,1,459,565787
たちうお,合計,2024,2,463,653036
たちうお,合計,2024,3,262,536971
たちうお,合計,2024,4,277,548648
たちうお,合計,2024,5,174,415800
たちうお,合計,2024,6,285,608704
たちうお,合計,2024,7,133,291236
たちうお,合計,2024,8,212,499455
たちうお,合計,2024,9,294,726861
たちうお,合計,2024,10,644,1152970
たちうお,合計,2024,11,587,909090
たちうお,合計,2024,12,457,763110
たちうお,広島,2024,1,459,565787
たちうお,広島,2024,2,463,653036
たちうお,広島,2024,3,262,536971
たちうお,広島,2024,4,277,548648
たちうお,広島,2024,5,174,415800
たちうお,広島,2024,6,285,608704
たちうお,広島,2024,7,133,291236
たちうお,広島,2024,8,212,499455
たちうお,広島,2024,9,294,726861
たちうお,広島,2024,10,644,1152970
たちうお,広島,2024,11,587,909090
たちうお,広島,2024,12,408,708677
たちうお,愛媛,2024,12,49,54433
ぼら,合計,2024,1,26,10941
ぼら,合計,2024,2,116,31471
ぼら,合計,2024,3,367,98042
ぼら,合計,2024,4,583,148348
ぼら,合計,2024,5,193,53201
ぼら,合計,2024,6,55,16262
ぼら,合計,2024,7,34,10686
ぼら,合計,2024,8,13,3781
ぼら,合計,2024,9,122,45273
ぼら,合計,2024,10,600,195027
ぼら,合計,2024,11,435,138261
ぼら,合計,2024,12,41,10701
ぼら,広島,2024,1,26,10941
ぼら,広島,2024,2,116,31471
ぼら,広島,2024,3,367,98042
ぼら,広島,2024,4,583,148348
ぼら,広島,2024,5,193,53201
ぼら,広島,2024,6,55,16262
ぼら,広島,2024,7,34,10686
ぼら,広島,2024,8,13,3781
ぼら,広島,2024,9,122,45273
ぼら,広島,2024,10,600,195027
ぼら,広島,2024,11,435,138261
ぼら,広島,2024,12,41,10701
たい,合計,2024,1,13007,15055443
たい,合計,2024,2,12324,13653837
たい,合計,2024,3,15078,16754013
たい,合計,2024,4,20317,18458354
たい,合計,2024,5,17560,16322979
たい,合計,2024,6,14305,13490888
たい,合計,2024,7,13695,13595707
たい,合計,2024,8,14102,17094220
たい,合計,2024,9,14040,15332629
たい,合計,2024,10,14339,15677874
たい,合計,2024,11,12312,14357806
たい,合計,2024,12,13226,16507506
たい,広島,2024,1,7639,7827806
たい,広島,2024,2,7671,7385358
たい,広島,2024,3,10020,9943133
たい,広島,2024,4,15245,11604037
たい,広島,2024,5,12529,9472060
たい,広島,2024,6,10029,7655515
たい,広島,2024,7,9399,7730166
たい,広島,2024,8,7869,8603819
たい,広島,2024,9,9028,8495866
たい,広島,2024,10,9305,8807763
たい,広島,2024,11,7273,7464981
たい,広島,2024,12,7295,8411508
たい,愛媛,2024,1,5368,7227637
たい,愛媛,2024,2,4653,6268479
たい,愛媛,2024,3,5058,6810880
たい,愛媛,2024,4,5072,6854317
たい,愛媛,2024,5,5030,6850919
たい,愛媛,2024,6,4277,5835373
たい,愛媛,2024,7,4295,5865541
たい,愛媛,2024,8,6233,8490401
たい,愛媛,2024,9,5012,6836763
たい,愛媛,2024,10,5034,6870111
たい,愛媛,2024,11,5039,6892825
たい,愛媛,2024,12,5931,8095998
ちだい,合計,2024,1,436,152630
ちだい,合計,2024,2,454,148975
ちだい,合計,2024,3,871,339752
ちだい,合計,2024,4,1473,450591
ちだい,合計,2024,5,910,296521
ちだい,合計,2024,6,730,287131
ちだい,合計,2024,7,458,181088
ちだい,合計,2024,8,358,151445
ちだい,合計,2024,9,462,192197
ちだい,合計,2024,10,745,270058
ちだい,合計,2024,11,889,333655
ちだい,合計,2024,12,529,224421
ちだい,広島,2024,1,436,152630
ちだい,広島,2024,2,454,148975
ちだい,広島,2024,3,871,339752
ちだい,広島,2024,4,1473,450591
ちだい,広島,2024,5,910,296521
ちだい,広島,2024,6,730,287131
ちだい,広島,2024,7,458,181088
ちだい,広島,2024,8,358,151445
ちだい,広島,2024,9,462,192197
ちだい,広島,2024,10,745,270058
ちだい,広島,2024,11,889,333655
ちだい,広島,2024,12,529,224421
ちぬ,合計,2024,1,948,457025
ちぬ,合計,2024,2,1435,673194
ちぬ,合計,2024,3,1979,1006725
ちぬ,合計,2024,4,3475,1459211
ちぬ,合計,2024,5,2096,829147
ちぬ,合計,2024,6,953,415252
ちぬ,合計,2024,7,708,403257
ちぬ,合計,2024,8,646,429447
ちぬ,合計,2024,9,1068,625908
ちぬ,合計,2024,10,1275,655987
ちぬ,合計,2024,11,885,478280
ちぬ,合計,2024,12,537,295375
ちぬ,広島,2024,1,919,439188
ちぬ,広島,2024,2,1435,673194
ちぬ,広島,2024,3,1979,1006725
ちぬ,広島,2024,4,3455,1448001
ちぬ,広島,2024,5,2051,812461
ちぬ,広島,2024,6,902,390368
ちぬ,広島,2024,7,598,348051
ちぬ,広島,2024,8,646,429447
ちぬ,広島,2024,9,1068,625908
ちぬ,広島,2024,10,1275,655987
ちぬ,広島,2024,11,885,478280
ちぬ,広島,2024,12,537,295375
ちぬ,愛媛,2024,1,29,17837
ちぬ,愛媛,2024,4,20,11210
ちぬ,愛媛,2024,5,46,16686
ちぬ,愛媛,2024,6,52,24884
ちぬ,愛媛,2024,7,110,55206
れんこ,合計,2024,1,27,18472
れんこ,合計,2024,2,147,76227
れんこ,合計,2024,3,257,146807
れんこ,合計,2024,4,458,183214
れんこ,合計,2024,5,134,66253
れんこ,合計,2024,6,85,46044
れんこ,合計,2024,7,79,41458
れんこ,合計,2024,8,221,102166
れんこ,合計,2024,9,245,123085
れんこ,合計,2024,10,100,49001
れんこ,合計,2024,11,86,41287
れんこ,合計,2024,12,229,116202
れんこ,広島,2024,1,27,18472
れんこ,広島,2024,2,147,76227
れんこ,広島,2024,3,257,146807
れんこ,広島,2024,4,458,183214
れんこ,広島,2024,5,134,66253
れんこ,広島,2024,6,85,46044
れんこ,広島,2024,7,79,41458
れんこ,広島,2024,8,221,102166
れんこ,広島,2024,9,245,123085
れんこ,広島,2024,10,100,49001
れんこ,広島,2024,11,86,41287
れんこ,広島,2024,12,229,116202
めんたい,合計,2024,1,947,946289
めんたい,合計,2024,2,727,792031
めんたい,合計,2024,3,724,857372
めんたい,合計,2024,4,732,800092
めんたい,合計,2024,5,806,803491
めんたい,合計,2024,6,335,356627
めんたい,合計,2024,7,80,100121
めんたい,合計,2024,8,127,267529
めんたい,合計,2024,9,536,626313
めんたい,合計,2024,10,849,794785
めんたい,合計,2024,11,715,605544
めんたい,合計,2024,12,548,637601
めんたい,広島,2024,1,947,946289
めんたい,広島,2024,2,727,792031
めんたい,広島,2024,3,724,857372
めんたい,広島,2024,4,732,800092
めんたい,広島,2024,5,806,803491
めんたい,広島,2024,6,335,356627
めんたい,広島,2024,7,80,100121
めんたい,広島,2024,8,127,267529
めんたい,広島,2024,9,536,626313
めんたい,広島,2024,10,849,794785
めんたい,広島,2024,11,715,605544
めんたい,広島,2024,12,548,637601
すずき,合計,2024,1,886,571919
すずき,合計,2024,2,812,534763
すずき,合計,2024,3,1020,814891
すずき,合計,2024,4,1308,890166
すずき,合計,2024,5,796,509306
すずき,合計,2024,6,642,450575
すずき,合計,2024,7,677,579060
すずき,合計,2024,8,552,506710
すずき,合計,2024,9,445,381233
すずき,合計,2024,10,977,656572
すずき,合計,2024,11,403,338062
すずき,合計,2024,12,2580,1569221
すずき,広島,2024,1,886,571919
すずき,広島,2024,2,812,534763
すずき,広島,2024,3,1020,814891
すずき,広島,2024,4,1308,890166
すずき,広島,2024,5,796,509306
すずき,広島,2024,6,637,441704
すずき,広島,2024,7,677,579060
すずき,広島,2024,8,552,506710
すずき,広島,2024,9,445,381233
すずき,広島,2024,10,977,656572
すずき,広島,2024,11,403,338062
すずき,広島,2024,12,2580,1569221
すずき,愛媛,2024,6,6,8871
ぐち,合計,2024,1,13,4380
ぐち,合計,2024,2,11,2830
ぐち,合計,2024,3,12,12869
ぐち,合計,2024,4,17,41514
ぐち,合計,2024,5,13,4526
ぐち,合計,2024,6,32,8034
ぐち,合計,2024,7,25,7593
ぐち,合計,2024,8,9,2992
ぐち,合計,2024,9,14,99090
ぐち,合計,2024,10,29,70708
ぐち,合計,2024,11,48,8251
ぐち,合計,2024,12,29,6685
ぐち,広島,2024,1,13,4380
ぐち,広島,2024,2,11,2830
ぐち,広島,2024,3,12,12869
ぐち,広島,2024,4,17,41514
ぐち,広島,2024,5,13,4526
ぐち,広島,2024,6,32,8034
ぐち,広島,2024,7,25,7593
ぐち,広島,2024,8,9,2992
ぐち,広島,2024,9,14,99090
ぐち,広島,2024,10,29,70708
ぐち,広島,2024,11,48,8251
ぐち,広島,2024,12,29,6685
はぎ,合計,2024,1,532,745826
はぎ,合計,2024,2,416,560387
はぎ,合計,2024,3,710,807698
はぎ,合計,2024,4,2187,2412341
はぎ,合計,2024,5,3814,3224105
はぎ,合計,2024,6,2738,2090514
はぎ,合計,2024,7,1048,929952
はぎ,合計,2024,8,490,462145
はぎ,合計,2024,9,916,1066989
はぎ,合計,2024,10,2131,3353810
はぎ,合計,2024,11,2357,3686833
はぎ,合計,2024,12,2090,3292407
はぎ,広島,2024,1,521,717156
はぎ,広島,2024,2,402,548810
はぎ,広島,2024,3,710,807698
はぎ,広島,2024,4,2187,2412341
はぎ,広島,2024,5,3805,3219612
はぎ,広島,2024,6,2738,2090514
はぎ,広島,2024,7,1048,929952
はぎ,広島,2024,8,490,462145
はぎ,広島,2024,9,916,1066989
はぎ,広島,2024,10,2126,3348842
はぎ,広島,2024,11,2357,3686833
はぎ,広島,2024,12,2090,3292407
はぎ,愛媛,2024,1,11,28670
はぎ,愛媛,2024,2,14,11577
はぎ,愛媛,2024,5,9,4493
はぎ,愛媛,2024,10,4,4968
かれい,合計,2024,1,3270,2757332
かれい,合計,2024,2,5659,4446151
かれい,合計,2024,3,4813,4491475
かれい,合計,2024,4,3844,3966072
かれい,合計,2024,5,955,1674954
かれい,合計,2024,6,561,1286385
かれい,合計,2024,7,787,1402007
かれい,合計,2024,8,585,930684
かれい,合計,2024,9,402,606911
かれい,合計,2024,10,278,399437
かれい,合計,2024,11,408,760984
かれい,合計,2024,12,1607,1682728
かれい,広島,2024,1,3270,2757332
かれい,広島,2024,2,5659,4446151
かれい,広島,2024,3,4813,4491475
かれい,広島,2024,4,3844,3966072
かれい,広島,2024,5,955,1674954
かれい,広島,2024,6,561,1286385
かれい,広島,2024,7,787,1402007
かれい,広島,2024,8,585,930684
かれい,広島,2024,9,402,606911
かれい,広島,2024,10,278,399437
かれい,広島,2024,11,408,760984
かれい,広島,2024,12,1607,1682728
ひらめ,合計,2024,1,1557,3494804
ひらめ,合計,2024,2,1304,2940208
ひらめ,合計,2024,3,1437,3361302
ひらめ,合計,2024,4,1908,3553946
ひらめ,合計,2024,5,1491,2900480
ひらめ,合計,2024,6,1208,2616117
ひらめ,合計,2024,7,1171,2790968
ひらめ,合計,2024,8,1404,3411734
ひらめ,合計,2024,9,977,2443709
ひらめ,合計,2024,10,840,2042298
ひらめ,合計,2024,11,941,2231106
ひらめ,合計,2024,12,1246,3172049
ひらめ,広島,2024,1,773,1269044
ひらめ,広島,2024,2,585,899547
ひらめ,広島,2024,3,624,1044650
ひらめ,広島,2024,4,1197,1521426
ひらめ,広島,2024,5,755,783197
ひらめ,広島,2024,6,492,557994
ひらめ,広島,2024,7,437,680511
ひらめ,広島,2024,8,456,681662
ひらめ,広島,2024,9,408,803447
ひらめ,広島,2024,10,417,822191
ひらめ,広島,2024,11,557,1120810
ひらめ,広島,2024,12,719,1524047
ひらめ,愛媛,2024,1,784,2225760
ひらめ,愛媛,2024,2,720,2040661
ひらめ,愛媛,2024,3,813,2316652
ひらめ,愛媛,2024,4,711,2032520
ひらめ,愛媛,2024,5,736,2117283
ひらめ,愛媛,2024,6,716,2058123
ひらめ,愛媛,2024,7,734,2110457
ひらめ,愛媛,2024,8,948,2730072
ひらめ,愛媛,2024,9,569,1640262
ひらめ,愛媛,2024,10,423,1220107
ひらめ,愛媛,2024,11,384,1110296
ひらめ,愛媛,2024,12,527,1648002
めばる,合計,2024,1,592,964035
めばる,合計,2024,2,950,1648575
めばる,合計,2024,3,976,1967764
めばる,合計,2024,4,1018,2003363
めばる,合計,2024,5,518,1142654
めばる,合計,2024,6,524,1016494
めばる,合計,2024,7,566,1192766
めばる,合計,2024,8,651,1459945
めばる,合計,2024,9,217,434734
めばる,合計,2024,10,115,218493
めばる,合計,2024,11,128,200186
めばる,合計,2024,12,162,362607
めばる,広島,2024,1,592,964035
めばる,広島,2024,2,931,1620970
めばる,広島,2024,3,969,1955150
めばる,広島,2024,4,1018,2003363
めばる,広島,2024,5,518,1142654
めばる,広島,2024,6,524,1016494
めばる,広島,2024,7,566,1192766
めばる,広島,2024,8,651,1459945
めばる,広島,2024,9,217,434734
めばる,広島,2024,10,115,218493
めばる,広島,2024,11,128,200186
めばる,広島,2024,12,162,362607
めばる,愛媛,2024,2,19,27605
めばる,愛媛,2024,3,6,12614
ほご,合計,2024,1,719,707502
ほご,合計,2024,2,544,620886
ほご,合計,2024,3,548,645788
ほご,合計,2024,4,1092,1107219
ほご,合計,2024,5,631,750938
ほご,合計,2024,6,451,528021
ほご,合計,2024,7,348,409182
ほご,合計,2024,8,430,557277
ほご,合計,2024,9,318,388793
ほご,合計,2024,10,205,233304
ほご,合計,2024,11,269,350795
ほご,合計,2024,12,772,819166
ほご,広島,2024,1,719,707502
ほご,広島,2024,2,512,579086
ほご,広島,2024,3,539,633022
ほご,広島,2024,4,1079,1090987
ほご,広島,2024,5,600,711852
ほご,広島,2024,6,449,524749
ほご,広島,2024,7,348,409182
ほご,広島,2024,8,430,557277
ほご,広島,2024,9,318,388793
ほご,広島,2024,10,205,233304
ほご,広島,2024,11,269,350795
ほご,広島,2024,12,772,819166
ほご,愛媛,2024,2,32,41800
ほご,愛媛,2024,3,9,12766
ほご,愛媛,2024,4,13,16232
ほご,愛媛,2024,5,30,39086
ほご,愛媛,2024,6,2,3272
あいなめ,合計,2024,1,15,27903
あいなめ,合計,2024,2,19,29856
あいなめ,合計,2024,3,27,59140
あいなめ,合計,2024,4,66,108651
あいなめ,合計,2024,5,50,77273
あいなめ,合計,2024,6,37,52532
あいなめ,合計,2024,7,40,34657
あいなめ,合計,2024,8,35,33014
あいなめ,合計,2024,9,26,24489
あいなめ,合計,2024,10,14,15424
あいなめ,合計,2024,11,17,24299
あいなめ,合計,2024,12,48,79404
あいなめ,広島,2024,1,15,27903
あいなめ,広島,2024,2,19,29856
あいなめ,広島,2024,3,27,59140
あいなめ,広島,2024,4,66,108651
あいなめ,広島,2024,5,50,77273
あいなめ,広島,2024,6,37,52532
あいなめ,広島,2024,7,40,34657
あいなめ,広島,2024,8,35,33014
あいなめ,広島,2024,9,26,24489
あいなめ,広島,2024,10,14,15424
あいなめ,広島,2024,11,17,24299
あいなめ,広島,2024,12,48,79404
おこぜ,合計,2024,1,60,138925
おこぜ,合計,2024,2,114,288304
おこぜ,合計,2024,3,129,346984
おこぜ,合計,2024,4,339,898984
おこぜ,合計,2024,5,481,1121184
おこぜ,合計,2024,6,402,874900
おこぜ,合計,2024,7,268,637287
おこぜ,合計,2024,8,106,294027
おこぜ,合計,2024,9,164,513846
おこぜ,合計,2024,10,108,547778
おこぜ,合計,2024,11,102,363977
おこぜ,合計,2024,12,49,160587
おこぜ,広島,2024,1,60,138925
おこぜ,広島,2024,2,114,288304
おこぜ,広島,2024,3,129,346984
おこぜ,広島,2024,4,339,898984
おこぜ,広島,2024,5,481,1121184
おこぜ,広島,2024,6,397,867458
おこぜ,広島,2024,7,268,637287
おこぜ,広島,2024,8,106,294027
おこぜ,広島,2024,9,164,513846
おこぜ,広島,2024,10,108,547778
おこぜ,広島,2024,11,102,363977
おこぜ,広島,2024,12,49,160587
おこぜ,愛媛,2024,6,5,7442
こち,合計,2024,1,791,421453
こち,合計,2024,2,1317,735671
こち,合計,2024,3,1082,749357
こち,合計,2024,4,1380,819465
こち,合計,2024,5,255,139747
こち,合計,2024,6,304,196961
こち,合計,2024,7,154,108604
こち,合計,2024,8,229,132812
こち,合計,2024,9,122,58546
こち,合計,2024,10,46,28993
こち,合計,2024,11,47,34347
こち,合計,2024,12,673,384041
こち,広島,2024,1,791,421453
こち,広島,2024,2,1317,735671
こち,広島,2024,3,1082,749357
こち,広島,2024,4,1380,819465
こち,広島,2024,5,255,139747
こち,広島,2024,6,303,196637
こち,広島,2024,7,154,108604
こち,広島,2024,8,229,132812
こち,広島,2024,9,122,58546
こち,広島,2024,10,46,28993
こち,広島,2024,11,47,34347
こち,広島,2024,12,673,384041
こち,山口,2024,6,2,324
たなご,合計,2024,1,3,1144
たなご,合計,2024,2,21,14443
たなご,合計,2024,3,39,27511
たなご,合計,2024,4,82,55865
たなご,合計,2024,5,40,14968
たなご,合計,2024,6,27,11768
たなご,合計,2024,7,64,34256
たなご,合計,2024,8,84,51061
たなご,合計,2024,9,236,157218
たなご,合計,2024,10,73,72329
たなご,合計,2024,11,29,28643
たなご,合計,2024,12,19,12322
たなご,広島,2024,1,3,1144
たなご,広島,2024,2,21,14443
たなご,広島,2024,3,39,27511
たなご,広島,2024,4,82,55865
たなご,広島,2024,5,40,14968
たなご,広島,2024,6,27,11768
たなご,広島,2024,7,64,34256
たなご,広島,2024,8,84,51061
たなご,広島,2024,9,236,157218
たなご,広島,2024,10,73,72329
たなご,広島,2024,11,29,28643
たなご,広島,2024,12,19,12322
べら,合計,2024,1,1,713
べら,合計,2024,3,1,756
べら,合計,2024,4,151,252760
べら,合計,2024,5,321,557137
べら,合計,2024,6,246,448559
べら,合計,2024,7,110,209887
べら,合計,2024,8,40,69003
べら,合計,2024,9,17,31547
べら,合計,2024,10,7,11729
べら,合計,2024,11,30,53431
べら,合計,2024,12,16,33912
べら,広島,2024,1,1,713
べら,広島,2024,3,1,756
べら,広島,2024,4,86,150203
べら,広島,2024,5,169,323275
べら,広島,2024,6,163,310425
べら,広島,2024,7,80,159284
べら,広島,2024,8,40,69003
べら,広島,2024,9,13,24851
べら,広島,2024,10,7,11729
べら,広島,2024,11,29,51606
べら,広島,2024,12,16,33912
べら,山口,2024,4,66,102557
べら,山口,2024,5,152,233862
べら,山口,2024,6,48,76927
べら,山口,2024,7,8,11674
べら,山口,2024,9,4,6696
べら,山口,2024,11,1,1825
べら,愛媛,2024,6,35,61207
べら,愛媛,2024,7,22,38929
むつ,合計,2024,10,4,3240
むつ,広島,2024,10,4,3240
さごし,合計,2024,1,6,6221
さごし,合計,2024,2,42,48860
さごし,合計,2024,3,105,166664
さごし,合計,2024,4,78,112251
さごし,合計,2024,5,68,62458
さごし,合計,2024,6,147,138720
さごし,合計,2024,7,245,294251
さごし,合計,2024,8,24,29106
さごし,合計,2024,9,270,85317
さごし,合計,2024,10,262,200195
さごし,合計,2024,11,307,252286
さごし,合計,2024,12,114,118682
さごし,広島,2024,1,6,6221
さごし,広島,2024,2,42,48860
さごし,広島,2024,3,105,166664
さごし,広島,2024,4,78,112251
さごし,広島,2024,5,68,62458
さごし,広島,2024,6,147,138720
さごし,広島,2024,7,245,294251
さごし,広島,2024,8,24,29106
さごし,広島,2024,9,270,85317
さごし,広島,2024,10,262,200195
さごし,広島,2024,11,268,226192
さごし,広島,2024,12,103,104167
さごし,山口,2024,11,40,26094
さごし,愛媛,2024,12,11,14515
はも,合計,2024,1,388,76088
はも,合計,2024,2,41,10675
はも,合計,2024,3,19,11892
はも,合計,2024,4,223,168541
はも,合計,2024,5,1096,583314
はも,合計,2024,6,1971,1223059
はも,合計,2024,7,2955,1831680
はも,合計,2024,8,4287,2193546
はも,合計,2024,9,2268,1191191
はも,合計,2024,10,2910,1182339
はも,合計,2024,11,4318,1104835
はも,合計,2024,12,2284,540732
はも,広島,2024,1,388,76088
はも,広島,2024,2,41,10675
はも,広島,2024,3,19,11892
はも,広島,2024,4,223,168541
はも,広島,2024,5,1096,583314
はも,広島,2024,6,1971,1223059
はも,広島,2024,7,2955,1831680
はも,広島,2024,8,4287,2193546
はも,広島,2024,9,2268,1191191
はも,広島,2024,10,2910,1182339
はも,広島,2024,11,4318,1104835
はも,広島,2024,12,2284,540732
あなご,合計,2024,1,88,180102
あなご,合計,2024,2,132,218443
あなご,合計,2024,3,215,404324
あなご,合計,2024,4,225,358668
あなご,合計,2024,5,56,133338
あなご,合計,2024,6,33,114685
あなご,合計,2024,7,54,192110
あなご,合計,2024,8,30,95569
あなご,合計,2024,9,78,95965
あなご,合計,2024,10,35,122234
あなご,合計,2024,11,96,214423
あなご,合計,2024,12,337,866839
あなご,広島,2024,1,88,180102
あなご,広島,2024,2,124,202833
あなご,広島,2024,3,215,404324
あなご,広島,2024,4,217,344017
あなご,広島,2024,5,56,133338
あなご,広島,2024,6,33,114685
あなご,広島,2024,7,54,192110
あなご,広島,2024,8,30,95569
あなご,広島,2024,9,78,95965
あなご,広島,2024,10,35,122234
あなご,広島,2024,11,96,214423
あなご,広島,2024,12,337,866839
あなご,福岡,2024,2,8,15610
あなご,福岡,2024,4,8,14651
えい,合計,2024,1,143,26421
えい,合計,2024,2,592,114853
えい,合計,2024,3,588,132914
えい,合計,2024,4,580,122618
えい,合計,2024,5,250,63344
えい,合計,2024,6,303,73042
えい,合計,2024,7,112,34588
えい,合計,2024,8,78,26254
えい,合計,2024,9,81,26604
えい,合計,2024,10,86,20088
えい,合計,2024,11,200,49380
えい,合計,2024,12,576,93397
えい,広島,2024,1,143,26421
えい,広島,2024,2,592,114853
えい,広島,2024,3,588,132914
えい,広島,2024,4,580,122618
えい,広島,2024,5,250,63344
えい,広島,2024,6,303,73042
えい,広島,2024,7,112,34588
えい,広島,2024,8,78,26254
えい,広島,2024,9,81,26604
えい,広島,2024,10,86,20088
えい,広島,2024,11,200,49380
えい,広島,2024,12,576,93397
さけ,合計,2024,1,870,2339929
さけ,合計,2024,2,1103,2880115
さけ,合計,2024,3,1219,3102297
さけ,合計,2024,4,1326,3346561
さけ,合計,2024,5,1199,3076666
さけ,合計,2024,6,1039,2633805
さけ,合計,2024,7,1168,2919618
さけ,合計,2024,8,1413,3550488
さけ,合計,2024,9,1031,2601861
さけ,合計,2024,10,1214,3022005
さけ,合計,2024,11,1237,3019824
さけ,合計,2024,12,1961,5024694
さけ,広島,2024,1,529,1443927
さけ,広島,2024,2,598,1571188
さけ,広島,2024,3,529,1323872
さけ,広島,2024,4,465,1122367
さけ,広島,2024,5,444,1125522
さけ,広島,2024,6,422,1041325
さけ,広島,2024,7,371,862287
さけ,広島,2024,8,736,1800384
さけ,広島,2024,9,522,1287046
さけ,広島,2024,10,761,1855570
さけ,広島,2024,11,788,1865155
さけ,広島,2024,12,1055,2686012
さけ,愛媛,2024,1,341,896002
さけ,愛媛,2024,2,505,1308927
さけ,愛媛,2024,3,690,1778425
さけ,愛媛,2024,4,860,2224194
さけ,愛媛,2024,5,755,1951144
さけ,愛媛,2024,6,617,1592480
さけ,愛媛,2024,7,798,2057331
さけ,愛媛,2024,8,677,1750104
さけ,愛媛,2024,9,509,1314815
さけ,愛媛,2024,10,453,1166435
さけ,愛媛,2024,11,449,1154669
さけ,愛媛,2024,12,906,2338682
ふぐ,合計,2024,1,312,653012
ふぐ,合計,2024,2,343,616509
ふぐ,合計,2024,3,424,557305
ふぐ,合計,2024,4,305,306760
ふぐ,合計,2024,5,100,69944
ふぐ,合計,2024,6,42,24309
ふぐ,合計,2024,7,53,38199
ふぐ,合計,2024,8,15,9082
ふぐ,合計,2024,9,34,31093
ふぐ,合計,2024,10,168,213250
ふぐ,合計,2024,11,293,417645
ふぐ,合計,2024,12,280,592313
ふぐ,広島,2024,1,312,653012
ふぐ,広島,2024,2,343,616509
ふぐ,広島,2024,3,424,557305
ふぐ,広島,2024,4,305,306760
ふぐ,広島,2024,5,100,69944
ふぐ,広島,2024,6,42,24309
ふぐ,広島,2024,7,53,38199
ふぐ,広島,2024,8,15,9082
ふぐ,広島,2024,9,34,31093
ふぐ,広島,2024,10,168,213250
ふぐ,広島,2024,11,293,417645
ふぐ,広島,2024,12,280,592313
いか,合計,2024,1,2756,2804866
いか,合計,2024,2,1238,1782288
いか,合計,2024,3,2055,3601665
いか,合計,2024,4,2755,4505250
いか,合計,2024,5,2887,3273547
いか,合計,2024,6,2156,2331386
いか,合計,2024,7,1557,1858060
いか,合計,2024,8,1966,2173339
いか,合計,2024,9,2209,2453648
いか,合計,2024,10,4821,4235776
いか,合計,2024,11,4532,4077841
いか,合計,2024,12,6324,4890491
いか,広島,2024,1,2756,2804866
いか,広島,2024,2,1189,1718676
いか,広島,2024,3,1623,3000645
いか,広島,2024,4,2239,3802602
いか,広島,2024,5,2522,2914101
いか,広島,2024,6,2112,2281900
いか,広島,2024,7,1557,1858060
いか,広島,2024,8,1966,2173339
いか,広島,2024,9,2209,2453648
いか,広島,2024,10,4821,4235776
いか,広島,2024,11,4494,4037881
いか,広島,2024,12,6306,4866731
いか,山口,2024,4,1,432
いか,山口,2024,5,7,3154
いか,山口,2024,6,2,778
いか,愛媛,2024,2,49,63612
いか,愛媛,2024,4,171,268056
いか,愛媛,2024,5,102,178416
いか,愛媛,2024,6,42,48708
いか,愛媛,2024,11,38,39960
いか,愛媛,2024,12,18,23760
いか,大分,2024,3,432,601020
いか,大分,2024,4,345,434160
いか,大分,2024,5,257,177876
たこ,合計,2024,1,920,2162641
たこ,合計,2024,2,931,2220533
たこ,合計,2024,3,876,2233634
たこ,合計,2024,4,1338,2979047
たこ,合計,2024,5,1418,2994480
たこ,合計,2024,6,2622,5309896
たこ,合計,2024,7,2793,5481367
たこ,合計,2024,8,1501,3444506
たこ,合計,2024,9,1313,2770416
たこ,合計,2024,10,216,544603
たこ,合計,2024,11,557,1504052
たこ,合計,2024,12,1137,3227232
たこ,広島,2024,1,920,2162641
たこ,広島,2024,2,874,2110503
たこ,広島,2024,3,876,2233634
たこ,広島,2024,4,1338,2979047
たこ,広島,2024,5,1287,2736409
たこ,広島,2024,6,2488,5050956
たこ,広島,2024,7,2589,5081345
たこ,広島,2024,8,1372,3187563
たこ,広島,2024,9,1313,2770416
たこ,広島,2024,10,216,544603
たこ,広島,2024,11,557,1504052
たこ,広島,2024,12,1137,3227232
たこ,愛媛,2024,2,57,110030
たこ,愛媛,2024,5,131,258071
たこ,愛媛,2024,6,134,258940
たこ,愛媛,2024,7,204,400022
たこ,愛媛,2024,8,129,256943
かに,合計,2024,1,27,144828
かに,合計,2024,2,47,210964
かに,合計,2024,3,34,185547
かに,合計,2024,4,66,236736
かに,合計,2024,5,21,33783
かに,合計,2024,6,33,62240
かに,合計,2024,7,39,70415
かに,合計,2024,8,73,129892
かに,合計,2024,9,126,202007
かに,合計,2024,10,222,385710
かに,合計,2024,11,43,83700
かに,合計,2024,12,40,255122
かに,広島,2024,1,27,144828
かに,広島,2024,2,47,210964
かに,広島,2024,3,34,185547
かに,広島,2024,4,66,236736
かに,広島,2024,5,21,33783
かに,広島,2024,6,33,62240
かに,広島,2024,7,39,70415
かに,広島,2024,8,73,129892
かに,広島,2024,9,126,202007
かに,広島,2024,10,222,385710
かに,広島,2024,11,43,83700
かに,広島,2024,12,40,255122
うに,合計,2024,1,1,10368
うに,合計,2024,3,1,90180
うに,合計,2024,4,1,36180
うに,合計,2024,5,1,53244
うに,合計,2024,6,1,41796
うに,合計,2024,7,1,31860
うに,合計,2024,8,1,73116
うに,合計,2024,9,2,95040
うに,合計,2024,10,1,66312
うに,合計,2024,11,1,22680
うに,合計,2024,12,1,102600
うに,広島,2024,1,1,10368
うに,広島,2024,3,1,90180
うに,広島,2024,4,1,36180
うに,広島,2024,5,1,53244
うに,広島,2024,6,1,41796
うに,広島,2024,7,1,31860
うに,広島,2024,8,1,73116
うに,広島,2024,9,2,95040
うに,広島,2024,10,1,66312
うに,広島,2024,11,1,22680
うに,広島,2024,12,1,102600
なまこ,合計,2024,1,794,1174662
なまこ,合計,2024,2,577,813282
なまこ,合計,2024,3,399,529012
なまこ,合計,2024,4,15,27540
なまこ,合計,2024,11,4,14072
なまこ,合計,2024,12,1090,2859203
なまこ,広島,2024,1,794,1174662
なまこ,広島,2024,2,577,813282
なまこ,広島,2024,3,399,529012
なまこ,広島,2024,4,15,27540
なまこ,広島,2024,11,4,14072
なまこ,広島,2024,12,1090,2859203
えび,合計,2024,1,209,479259
えび,合計,2024,2,123,315444
えび,合計,2024,3,77,206948
えび,合計,2024,4,106,260412
えび,合計,2024,5,70,156113
えび,合計,2024,6,441,994683
えび,合計,2024,7,2273,4699848
えび,合計,2024,8,2203,4659249
えび,合計,2024,9,892,1938816
えび,合計,2024,10,1222,2764859
えび,合計,2024,11,2117,4597462
えび,合計,2024,12,1062,2700728
えび,広島,2024,1,209,479259
えび,広島,2024,2,123,315444
えび,広島,2024,3,77,206948
えび,広島,2024,4,106,260412
えび,広島,2024,5,70,156113
えび,広島,2024,6,441,994683
えび,広島,2024,7,2273,4699848
えび,広島,2024,8,2203,4659249
えび,広島,2024,9,892,1938816
えび,広島,2024,10,1222,2764859
えび,広島,2024,11,2117,4597462
えび,広島,2024,12,1062,2700728
伊勢えび,合計,2024,4,1,12960
伊勢えび,合計,2024,5,8,56160
伊勢えび,合計,2024,10,8,56970
伊勢えび,合計,2024,11,1,7128
伊勢えび,広島,2024,4,1,12960
伊勢えび,広島,2024,5,4,32400
伊勢えび,広島,2024,10,4,31806
伊勢えび,広島,2024,11,1,7128
伊勢えび,愛媛,2024,5,4,23760
伊勢えび,愛媛,2024,10,4,25164
あさり,合計,2024,2,5,5400
あさり,合計,2024,3,97,126565
あさり,合計,2024,4,110,198288
あさり,合計,2024,5,125,228852
あさり,合計,2024,6,100,183168
あさり,合計,2024,7,117,215180
あさり,合計,2024,8,18,32130
あさり,合計,2024,9,25,48600
あさり,合計,2024,10,60,116640
あさり,合計,2024,11,48,92340
あさり,合計,2024,12,33,63180
あさり,広島,2024,2,5,5400
あさり,広島,2024,3,97,126565
あさり,広島,2024,4,110,198288
あさり,広島,2024,5,125,228852
あさり,広島,2024,6,100,183168
あさり,広島,2024,7,117,215180
あさり,広島,2024,8,18,32130
あさり,広島,2024,9,25,48600
あさり,広島,2024,10,60,116640
あさり,広島,2024,11,48,92340
あさり,広島,2024,12,33,63180
はまぐり,合計,2024,1,4,9482
はまぐり,合計,2024,2,14,31266
はまぐり,合計,2024,3,83,125522
はまぐり,合計,2024,4,6,22491
はまぐり,合計,2024,5,3,8910
はまぐり,合計,2024,6,1,1512
はまぐり,合計,2024,8,1,1620
はまぐり,合計,2024,11,1,756
はまぐり,合計,2024,12,233,340578
はまぐり,三重,2024,3,30,42120
はまぐり,三重,2024,12,64,89154
はまぐり,広島,2024,1,4,9482
はまぐり,広島,2024,2,14,31266
はまぐり,広島,2024,3,53,83402
はまぐり,広島,2024,4,6,22491
はまぐり,広島,2024,5,3,8910
はまぐり,広島,2024,6,1,1512
はまぐり,広島,2024,8,1,1620
はまぐり,広島,2024,11,1,756
はまぐり,広島,2024,12,170,251424
ﾎﾝﾋﾞﾉｽ貝,合計,2024,1,4,5184
ﾎﾝﾋﾞﾉｽ貝,広島,2024,1,4,5184
さざえ,合計,2024,1,1126,1046748
さざえ,合計,2024,2,632,662045
さざえ,合計,2024,3,419,521261
さざえ,合計,2024,4,549,781049
さざえ,合計,2024,5,735,963959
さざえ,合計,2024,6,1174,1321074
さざえ,合計,2024,7,919,984386
さざえ,合計,2024,8,1008,1299874
さざえ,合計,2024,9,1326,1636043
さざえ,合計,2024,10,1509,1563483
さざえ,合計,2024,11,1336,1484043
さざえ,合計,2024,12,2343,2515824
さざえ,広島,2024,1,1110,1038108
さざえ,広島,2024,2,632,662045
さざえ,広島,2024,3,419,521261
さざえ,広島,2024,4,549,781049
さざえ,広島,2024,5,735,963959
さざえ,広島,2024,6,1174,1321074
さざえ,広島,2024,7,912,977992
さざえ,広島,2024,8,1008,1299874
さざえ,広島,2024,9,1326,1636043
さざえ,広島,2024,10,1509,1563483
さざえ,広島,2024,11,1336,1484043
さざえ,広島,2024,12,2343,2515824
さざえ,愛媛,2024,1,16,8640
さざえ,愛媛,2024,7,7,6394
あわび,合計,2024,1,75,513772
あわび,合計,2024,2,56,407484
あわび,合計,2024,3,29,259049
あわび,合計,2024,4,9,82750
あわび,合計,2024,5,5,33750
あわび,合計,2024,6,8,63234
あわび,合計,2024,7,5,37692
あわび,合計,2024,8,6,52326
あわび,合計,2024,9,14,136458
あわび,合計,2024,10,2,12825
あわび,合計,2024,11,25,214326
あわび,合計,2024,12,60,484618
あわび,広島,2024,1,75,513772
あわび,広島,2024,2,56,407484
あわび,広島,2024,3,29,259049
あわび,広島,2024,4,9,82750
あわび,広島,2024,5,5,33750
あわび,広島,2024,6,8,63234
あわび,広島,2024,7,5,37692
あわび,広島,2024,8,6,52326
あわび,広島,2024,9,14,136458
あわび,広島,2024,10,2,12825
あわび,広島,2024,11,25,214326
あわび,広島,2024,12,60,484618
とり貝,合計,2024,2,2,19440
とり貝,合計,2024,3,2,25920
とり貝,合計,2024,4,5,63720
とり貝,合計,2024,5,2,19440
とり貝,合計,2024,6,1,10800
とり貝,合計,2024,8,2,24300
とり貝,合計,2024,9,1,16200
とり貝,合計,2024,10,3,40500
とり貝,広島,2024,2,2,19440
とり貝,広島,2024,3,2,25920
とり貝,広島,2024,4,5,63720
とり貝,広島,2024,5,2,19440
とり貝,広島,2024,6,1,10800
とり貝,広島,2024,8,2,24300
とり貝,広島,2024,9,1,16200
とり貝,広島,2024,10,3,40500
みる貝,合計,2024,1,3,8640
みる貝,合計,2024,2,12,57591
みる貝,合計,2024,3,30,111337
みる貝,合計,2024,4,29,78798
みる貝,合計,2024,5,2,6955
みる貝,合計,2024,6,5,14213
みる貝,合計,2024,10,2,7021
みる貝,合計,2024,11,3,11718
みる貝,合計,2024,12,12,31320
みる貝,広島,2024,1,3,8640
みる貝,広島,2024,2,12,57591
みる貝,広島,2024,3,30,111337
みる貝,広島,2024,4,29,78798
みる貝,広島,2024,5,2,6955
みる貝,広島,2024,6,5,14213
みる貝,広島,2024,10,2,7021
みる貝,広島,2024,11,3,11718
みる貝,広島,2024,12,12,31320
その他貝類,合計,2024,1,546,657057
その他貝類,合計,2024,2,1110,1481399
その他貝類,合計,2024,3,968,1427905
その他貝類,合計,2024,4,997,1347618
その他貝類,合計,2024,5,413,492158
その他貝類,合計,2024,6,431,476809
その他貝類,合計,2024,7,293,373827
その他貝類,合計,2024,8,216,296288
その他貝類,合計,2024,9,165,247459
その他貝類,合計,2024,10,174,292160
その他貝類,合計,2024,11,169,241546
その他貝類,合計,2024,12,342,567936
その他貝類,福井,2024,2,3,10584
その他貝類,福井,2024,4,5,17496
その他貝類,福井,2024,5,3,10368
その他貝類,福井,2024,6,6,20736
その他貝類,福井,2024,7,3,10368
その他貝類,福井,2024,8,6,19764
その他貝類,島根,2024,4,2,3240
その他貝類,島根,2024,5,1,1620
その他貝類,広島,2024,1,546,657057
その他貝類,広島,2024,2,1107,1470815
その他貝類,広島,2024,3,968,1427905
その他貝類,広島,2024,4,990,1326882
その他貝類,広島,2024,5,409,480170
その他貝類,広島,2024,6,425,456073
その他貝類,広島,2024,7,290,363459
その他貝類,広島,2024,8,210,276524
その他貝類,広島,2024,9,165,247459
その他貝類,広島,2024,10,174,292160
その他貝類,広島,2024,11,169,241546
その他貝類,広島,2024,12,342,567936
あゆ,合計,2024,3,10,33156
あゆ,合計,2024,4,13,44712
あゆ,合計,2024,5,8,27000
あゆ,合計,2024,6,21,66960
あゆ,合計,2024,7,18,58320
あゆ,合計,2024,8,11,35424
あゆ,合計,2024,9,1,3240
あゆ,合計,2024,10,24,93096
あゆ,広島,2024,3,10,33156
あゆ,広島,2024,4,13,44712
あゆ,広島,2024,5,8,27000
あゆ,広島,2024,6,21,66960
あゆ,広島,2024,7,18,58320
あゆ,広島,2024,8,11,35424
あゆ,広島,2024,9,1,3240
あゆ,広島,2024,10,24,93096
うなぎ,合計,2024,1,14,92491
うなぎ,合計,2024,2,14,95213
うなぎ,合計,2024,3,16,109122
うなぎ,合計,2024,4,25,165780
うなぎ,合計,2024,5,23,156211
うなぎ,合計,2024,6,34,230472
うなぎ,合計,2024,7,568,4127176
うなぎ,合計,2024,8,118,845436
うなぎ,合計,2024,9,29,204924
うなぎ,合計,2024,10,14,102530
うなぎ,合計,2024,11,16,108863
うなぎ,合計,2024,12,25,171180
うなぎ,広島,2024,1,14,92491
うなぎ,広島,2024,2,14,95213
うなぎ,広島,2024,3,16,109122
うなぎ,広島,2024,4,25,165780
うなぎ,広島,2024,5,23,156211
うなぎ,広島,2024,6,34,230472
うなぎ,広島,2024,7,568,4127176
うなぎ,広島,2024,8,118,845436
うなぎ,広島,2024,9,29,204924
うなぎ,広島,2024,10,14,102530
うなぎ,広島,2024,11,16,108863
うなぎ,広島,2024,12,25,171180
その他淡水魚類,合計,2024,2,1,4277
その他淡水魚類,合計,2024,4,2,7776
その他淡水魚類,合計,2024,12,5,25380
その他淡水魚類,広島,2024,2,1,4277
その他淡水魚類,広島,2024,4,2,7776
その他淡水魚類,広島,2024,12,5,25380
その他鮮魚類,合計,2024,1,695,589492
その他鮮魚類,合計,2024,2,756,711057
その他鮮魚類,合計,2024,3,676,752479
その他鮮魚類,合計,2024,4,980,1145142
その他鮮魚類,合計,2024,5,1350,1520860
その他鮮魚類,合計,2024,6,1648,1801607
その他鮮魚類,合計,2024,7,1643,1682228
その他鮮魚類,合計,2024,8,1461,1363891
その他鮮魚類,合計,2024,9,1529,1879816
その他鮮魚類,合計,2024,10,1943,2310781
その他鮮魚類,合計,2024,11,1743,1695415
その他鮮魚類,合計,2024,12,1092,1004973
その他鮮魚類,広島,2024,1,511,437039
その他鮮魚類,広島,2024,2,534,510155
その他鮮魚類,広島,2024,3,437,567064
その他鮮魚類,広島,2024,4,725,934873
その他鮮魚類,広島,2024,5,1088,1310778
その他鮮魚類,広島,2024,6,1381,1576967
その他鮮魚類,広島,2024,7,1396,1498218
その他鮮魚類,広島,2024,8,1195,1159274
その他鮮魚類,広島,2024,9,1302,1709025
その他鮮魚類,広島,2024,10,1674,2108065
その他鮮魚類,広島,2024,11,1526,1510173
その他鮮魚類,広島,2024,12,864,831179
その他鮮魚類,山口,2024,1,162,111132
その他鮮魚類,山口,2024,2,179,123120
その他鮮魚類,山口,2024,3,203,134136
その他鮮魚類,山口,2024,4,225,152931
その他鮮魚類,山口,2024,5,232,153576
その他鮮魚類,山口,2024,6,228,149342
その他鮮魚類,山口,2024,7,222,145778
その他鮮魚類,山口,2024,8,239,155520
その他鮮魚類,山口,2024,9,208,134762
その他鮮魚類,山口,2024,10,235,141242
その他鮮魚類,山口,2024,11,179,114696
その他鮮魚類,山口,2024,12,205,120528
その他鮮魚類,愛媛,2024,3,14,4666
その他鮮魚類,愛媛,2024,4,1,346
その他鮮魚類,愛媛,2024,5,2,648
その他鮮魚類,愛媛,2024,7,3,842
その他鮮魚類,熊本,2024,1,22,41321
その他鮮魚類,熊本,2024,2,43,77782
その他鮮魚類,熊本,2024,3,22,46613
その他鮮魚類,熊本,2024,4,30,56992
その他鮮魚類,熊本,2024,5,28,55858
その他鮮魚類,熊本,2024,6,39,75298
その他鮮魚類,熊本,2024,7,21,37390
その他鮮魚類,熊本,2024,8,27,49097
その他鮮魚類,熊本,2024,9,20,36029
その他鮮魚類,熊本,2024,10,34,61474
その他鮮魚類,熊本,2024,11,38,70546
その他鮮魚類,熊本,2024,12,24,53266
かき,合計,2024,1,670,1718112
かき,合計,2024,2,784,1923233
かき,合計,2024,3,568,1367751
かき,合計,2024,4,233,501141
かき,合計,2024,5,94,160866
かき,合計,2024,7,2,3240
かき,合計,2024,10,125,324205
かき,合計,2024,11,514,1362245
かき,合計,2024,12,1710,4628803
かき,広島,2024,1,670,1718112
かき,広島,2024,2,784,1923233
かき,広島,2024,3,568,1367751
かき,広島,2024,4,233,501141
かき,広島,2024,5,94,160866
かき,広島,2024,7,2,3240
かき,広島,2024,10,125,324205
かき,広島,2024,11,514,1362245
かき,広島,2024,12,1710,4628803
